{
  "name": "Travel Diary - iPhone",
  "type": "ios-app", 
  "buildConfiguration": "Debug",
  "destination": {
    "platform": "iOS",
    "deviceType": "device",
    "deviceId": "E6A7EA07-6DCC-531B-857D-69D430D545A7",
    "deviceName": "Monster"
  },
  "scheme": "travel-diary",
  "buildSettings": {
    "CODE_SIGN_IDENTITY": "Apple Development",
    "DEVELOPMENT_TEAM": "9D94UL8CG4",
    "PROVISIONING_PROFILE_SPECIFIER": "iOS Team Provisioning Profile: com.wilsonho.travelDiary"
  },
  "runSettings": {
    "installAndLaunch": true,
    "debugMode": true
  }
} 