{
  "attractions": [
    {
      "id": "b1a7e8c2-1f2a-4e3b-9c1d-1234567890ab",
      "name": "茶果嶺天后廟",
      "description": "茶果嶺天后廟建於清朝，為香港著名歷史古蹟之一。",
      "coordinate": { "latitude": 22.307761, "longitude": 114.257263 },
      "distanceFromUser": 120.5,
      "category": "temple",
      "imageURL": "https://example.com/images/cha_ko_ling_tin_hau_temple.jpg",
      "imageData": null,
      "address": "香港九龍茶果嶺道",
      "rating": 4.6,
      "lastUpdated": "2024-07-05T10:00:00Z"
    },
    {
      "id": "c2b8f9d3-2e3b-4f4c-8d2e-abcdef123456",
      "name": "西貢海灘",
      "description": "西貢海灘以清澈海水和自然景觀聞名，是香港熱門旅遊景點。",
      "coordinate": { "latitude": 22.383333, "longitude": 114.266667 },
      "distanceFromUser": 5200.0,
      "category": "beach",
      "imageURL": "https://example.com/images/saikung_beach.jpg",
      "imageData": null,
      "address": "新界西貢區",
      "rating": 4.8,
      "lastUpdated": "2024-07-05T10:00:00Z"
    },
    {
      "id": "d3c9e0f4-3f4d-5g5h-9e3f-bcdef2345678",
      "name": "香港歷史博物館",
      "description": "展示香港歷史與文化的博物館，適合親子參觀。",
      "coordinate": { "latitude": 22.302711, "longitude": 114.177216 },
      "distanceFromUser": 3500.0,
      "category": "museum",
      "imageURL": "https://example.com/images/hk_history_museum.jpg",
      "imageData": null,
      "address": "九龍尖沙咀漆咸道南100號",
      "rating": 4.7,
      "lastUpdated": "2024-07-05T10:00:00Z"
    },
    {
      "id": "e4d0f1g5-4g5h-6i6j-0f4g-cdefg3456789",
      "name": "太平山頂",
      "description": "香港著名觀景台，可俯瞰維多利亞港全景。",
      "coordinate": { "latitude": 22.275833, "longitude": 114.145833 },
      "distanceFromUser": 8200.0,
      "category": "viewpoint",
      "imageURL": "https://example.com/images/victoria_peak.jpg",
      "imageData": null,
      "address": "香港島太平山",
      "rating": 4.9,
      "lastUpdated": "2024-07-05T10:00:00Z"
    },
    {
      "id": "f5e1g2h6-5h6i-7j7k-1g5h-defgh4567890",
      "name": "黃大仙祠",
      "description": "香火鼎盛的道教廟宇，祈福靈驗。",
      "coordinate": { "latitude": 22.342222, "longitude": 114.193056 },
      "distanceFromUser": 4100.0,
      "category": "temple",
      "imageURL": "https://example.com/images/wong_tai_sin_temple.jpg",
      "imageData": null,
      "address": "九龍黃大仙竹園村2號",
      "rating": 4.5,
      "lastUpdated": "2024-07-05T10:00:00Z"
    },
    {
      "id": "g6f2h3i7-6i7j-8k8l-2h6i-efghi5678901",
      "name": "香港迪士尼樂園",
      "description": "國際知名主題公園，適合全家大小。",
      "coordinate": { "latitude": 22.3125, "longitude": 114.041389 },
      "distanceFromUser": 18000.0,
      "category": "amusementPark",
      "imageURL": "https://example.com/images/hk_disneyland.jpg",
      "imageData": null,
      "address": "新界大嶼山香港迪士尼樂園度假區",
      "rating": 4.7,
      "lastUpdated": "2024-07-05T10:00:00Z"
    },
    {
      "id": "h7g3i4j8-7j8k-9l9m-3i7j-fghij6789012",
      "name": "維多利亞公園",
      "description": "市區大型公園，設有多種康樂設施。",
      "coordinate": { "latitude": 22.281944, "longitude": 114.191944 },
      "distanceFromUser": 6700.0,
      "category": "park",
      "imageURL": "https://example.com/images/victoria_park.jpg",
      "imageData": null,
      "address": "香港銅鑼灣興發街1號",
      "rating": 4.4,
      "lastUpdated": "2024-07-05T10:00:00Z"
    },
    {
      "id": "i8h4j5k9-8k9l-0m0n-4j8k-ghijk7890123",
      "name": "蘭桂坊",
      "description": "著名夜生活區，酒吧林立，氣氛熱鬧。",
      "coordinate": { "latitude": 22.281944, "longitude": 114.155278 },
      "distanceFromUser": 9000.0,
      "category": "other",
      "imageURL": "https://example.com/images/lan_kwai_fong.jpg",
      "imageData": null,
      "address": "中環蘭桂坊",
      "rating": 4.2,
      "lastUpdated": "2024-07-05T10:00:00Z"
    },
    {
      "id": "j9i5k6l0-9l0m-1n1o-5k9l-hijkl8901234",
      "name": "海洋公園",
      "description": "結合動物園與主題樂園的綜合娛樂設施。",
      "coordinate": { "latitude": 22.247222, "longitude": 114.175278 },
      "distanceFromUser": 15000.0,
      "category": "amusementPark",
      "imageURL": "https://example.com/images/ocean_park.jpg",
      "imageData": null,
      "address": "香港黃竹坑道180號",
      "rating": 4.6,
      "lastUpdated": "2024-07-05T10:00:00Z"
    },
    {
      "id": "k0j6l7m1-0m1n-2o2p-6l0m-ijkl9012345",
      "name": "尖沙咀海濱花園",
      "description": "欣賞維港夜景的絕佳地點。",
      "coordinate": { "latitude": 22.293056, "longitude": 114.1725 },
      "distanceFromUser": 4800.0,
      "category": "viewpoint",
      "imageURL": "https://example.com/images/tsim_sha_tsui_promenade.jpg",
      "imageData": null,
      "address": "九龍尖沙咀梳士巴利道",
      "rating": 4.5,
      "lastUpdated": "2024-07-05T10:00:00Z"
    },
    {
      "id": "l1k7m8n2-1n2o-3p3q-7m1n-jklmn0123456",
      "name": "中環摩天輪",
      "description": "香港地標之一，適合拍照打卡。",
      "coordinate": { "latitude": 22.286389, "longitude": 114.16 },
      "distanceFromUser": 9500.0,
      "category": "viewpoint",
      "imageURL": "https://example.com/images/hk_observation_wheel.jpg",
      "imageData": null,
      "address": "中環民光街33號",
      "rating": 4.3,
      "lastUpdated": "2024-07-05T10:00:00Z"
    },
    {
      "id": "m2l8n9o3-2o3p-4q4r-8n2o-klmno1234567",
      "name": "香港藝術館",
      "description": "展出本地及國際藝術品的現代美術館。",
      "coordinate": { "latitude": 22.293889, "longitude": 114.172222 },
      "distanceFromUser": 5000.0,
      "category": "museum",
      "imageURL": "https://example.com/images/hk_museum_of_art.jpg",
      "imageData": null,
      "address": "九龍尖沙咀梳士巴利道10號",
      "rating": 4.6,
      "lastUpdated": "2024-07-05T10:00:00Z"
    },
    {
      "id": "n3m9o0p4-3p4q-5r5s-9o3p-lmnop2345678",
      "name": "新城市廣場",
      "description": "新界大型購物中心，集購物、餐飲、娛樂於一身。",
      "coordinate": { "latitude": 22.381944, "longitude": 114.188611 },
      "distanceFromUser": 12000.0,
      "category": "shoppingCenter",
      "imageURL": "https://example.com/images/new_town_plaza.jpg",
      "imageData": null,
      "address": "新界沙田正街18號",
      "rating": 4.4,
      "lastUpdated": "2024-07-05T10:00:00Z"
    },
    {
      "id": "o4n0p1q5-4q5r-6s6t-0p4q-mnopq3456789",
      "name": "大埔林村許願樹",
      "description": "新界著名祈福景點，吸引大量遊客。",
      "coordinate": { "latitude": 22.445278, "longitude": 114.141944 },
      "distanceFromUser": 22000.0,
      "category": "historicalSite",
      "imageURL": "https://example.com/images/luk_kam_wishing_tree.jpg",
      "imageData": null,
      "address": "新界大埔林村",
      "rating": 4.3,
      "lastUpdated": "2024-07-05T10:00:00Z"
    },
    {
      "id": "p5o1q2r6-5r6s-7t7u-1q5r-nopqr4567890",
      "name": "赤柱廣場",
      "description": "結合購物、美食與海濱景色的休閒熱點。",
      "coordinate": { "latitude": 22.218611, "longitude": 114.213611 },
      "distanceFromUser": 17000.0,
      "category": "shoppingCenter",
      "imageURL": "https://example.com/images/stanley_plaza.jpg",
      "imageData": null,
      "address": "香港赤柱佳美道23號",
      "rating": 4.2,
      "lastUpdated": "2024-07-05T10:00:00Z"
    },
    {
      "id": "q6p2r3s7-6s7t-8u8v-2r6s-opqrs5678901",
      "name": "大嶼山天壇大佛",
      "description": "世界著名戶外青銅佛像，莊嚴壯觀。",
      "coordinate": { "latitude": 22.255278, "longitude": 113.904722 },
      "distanceFromUser": 32000.0,
      "category": "temple",
      "imageURL": "https://example.com/images/tian_tan_buddha.jpg",
      "imageData": null,
      "address": "大嶼山昂坪",
      "rating": 4.8,
      "lastUpdated": "2024-07-05T10:00:00Z"
    },
    {
      "id": "r7q3s4t8-7t8u-9v9w-3s7t-pqrst6789012",
      "name": "香港科學館",
      "description": "互動展覽豐富，適合親子同遊。",
      "coordinate": { "latitude": 22.303333, "longitude": 114.1775 },
      "distanceFromUser": 3600.0,
      "category": "museum",
      "imageURL": "https://example.com/images/hk_science_museum.jpg",
      "imageData": null,
      "address": "九龍尖沙咀東部科學館道2號",
      "rating": 4.5,
      "lastUpdated": "2024-07-05T10:00:00Z"
    },
    {
      "id": "s8r4t5u9-8u9v-0w0x-4t8u-qrst7890123",
      "name": "南蓮園池",
      "description": "仿唐風格的中國古典園林，環境優美寧靜。",
      "coordinate": { "latitude": 22.340278, "longitude": 114.205278 },
      "distanceFromUser": 4300.0,
      "category": "park",
      "imageURL": "https://example.com/images/nan_lian_garden.jpg",
      "imageData": null,
      "address": "九龍鑽石山鳳德道60號",
      "rating": 4.7,
      "lastUpdated": "2024-07-05T10:00:00Z"
    },
    {
      "id": "t9s5u6v0-9v0w-1x1y-5u9v-rstuv8901234",
      "name": "香港大球場",
      "description": "香港主要體育賽事場地，設施完善。",
      "coordinate": { "latitude": 22.279167, "longitude": 114.1825 },
      "distanceFromUser": 7100.0,
      "category": "other",
      "imageURL": "https://example.com/images/hk_stadium.jpg",
      "imageData": null,
      "address": "香港掃桿埔東院道55號",
      "rating": 4.1,
      "lastUpdated": "2024-07-05T10:00:00Z"
    },
    {
      "id": "u0t6v7w1-0w1x-2y2z-6v0w-stuvw9012345",
      "name": "赤柱美利樓",
      "description": "歷史建築，現為餐廳及展覽空間。",
      "coordinate": { "latitude": 22.218333, "longitude": 114.213333 },
      "distanceFromUser": 17200.0,
      "category": "historicalSite",
      "imageURL": "https://example.com/images/murray_house.jpg",
      "imageData": null,
      "address": "香港赤柱佳美道96號",
      "rating": 4.4,
      "lastUpdated": "2024-07-05T10:00:00Z"
    }
  ],
  "lastUserLocation": { "latitude": 22.307761, "longitude": 114.257263 },
  "lastUpdated": "2024-07-05T10:00:00Z",
  "searchRadius": 50000,
  "maxResults": 50,
  "panelState": "compact"
} 